<?xml version="1.0" encoding="UTF-8"?>
<robot rpa="false" generated="20210214 12:23:58.569" generator="Robot 3.2.2 (Python 2.7.16 on win32)">
<suite source="C:\Users\kumar597\Desktop\Abhishek Automation folder\Maykers-automation-task\tests\AddDealToCart.robot" id="s1" name="AddDealToCart">
<test id="s1-t1" name="Checking AddDealToCart functionality">
<kw type="setup" name="Begin Web Test" library="CommonPage">
<kw name="Open Browser" library="SeleniumLibrary">
<doc>Opens a new browser instance to the optional ``url``.</doc>
<arguments>
<arg>about:blank</arg>
<arg>${BROWSER}</arg>
</arguments>
<msg timestamp="20210214 12:23:58.949" level="INFO">Opening browser 'chrome' to base url 'about:blank'.</msg>
<status status="PASS" endtime="20210214 12:24:02.568" starttime="20210214 12:23:58.949"></status>
</kw>
<kw name="Maximize Browser Window" library="SeleniumLibrary">
<doc>Maximizes current browser window.</doc>
<status status="PASS" endtime="20210214 12:24:04.773" starttime="20210214 12:24:02.569"></status>
</kw>
<status status="PASS" endtime="20210214 12:24:04.773" starttime="20210214 12:23:58.948"></status>
</kw>
<kw name="Go To" library="SeleniumLibrary">
<doc>Navigates the current browser window to the provided ``url``.</doc>
<arguments>
<arg>${URL}</arg>
</arguments>
<msg timestamp="20210214 12:24:04.774" level="INFO">Opening url 'https://maykers-tst.outsystemsenterprise.com/en-gb/products/led-kontrollys-12v-bl%c3%a5--ISY-630-AVY-T'</msg>
<status status="PASS" endtime="20210214 12:24:07.488" starttime="20210214 12:24:04.774"></status>
</kw>
<kw name="Verify Specific Product Page Is Loaded" library="SpecificProductPage">
<kw name="Wait Until Page Contains Element" library="SeleniumLibrary">
<doc>Waits until the element ``locator`` appears on the current page.</doc>
<arguments>
<arg>${ProductNameTitle}</arg>
<arg>${seleniumtimeout}</arg>
</arguments>
<status status="PASS" endtime="20210214 12:24:08.084" starttime="20210214 12:24:07.492"></status>
</kw>
<kw name="Sleep" library="BuiltIn">
<doc>Pauses the test executed for the given time.</doc>
<arguments>
<arg>${sleepmedium}</arg>
</arguments>
<msg timestamp="20210214 12:24:13.091" level="INFO">Slept 5 seconds</msg>
<status status="PASS" endtime="20210214 12:24:13.091" starttime="20210214 12:24:08.084"></status>
</kw>
<status status="PASS" endtime="20210214 12:24:13.091" starttime="20210214 12:24:07.490"></status>
</kw>
<kw name="Verify Compare Deals Section Is Loaded" library="CompareDealsSectionPage">
<kw name="Wait Until Page Contains Element" library="SeleniumLibrary">
<doc>Waits until the element ``locator`` appears on the current page.</doc>
<arguments>
<arg>${Compare_deals}</arg>
<arg>${seleniumtimeout}</arg>
</arguments>
<status status="PASS" endtime="20210214 12:24:13.108" starttime="20210214 12:24:13.091"></status>
</kw>
<kw name="Sleep" library="BuiltIn">
<doc>Pauses the test executed for the given time.</doc>
<arguments>
<arg>${sleepmedium}</arg>
</arguments>
<msg timestamp="20210214 12:24:18.113" level="INFO">Slept 5 seconds</msg>
<status status="PASS" endtime="20210214 12:24:18.113" starttime="20210214 12:24:13.108"></status>
</kw>
<kw name="Wait Until Page Contains Element" library="SeleniumLibrary">
<doc>Waits until the element ``locator`` appears on the current page.</doc>
<arguments>
<arg>${Recommended}</arg>
<arg>${seleniumtimeout}</arg>
</arguments>
<status status="PASS" endtime="20210214 12:24:18.132" starttime="20210214 12:24:18.113"></status>
</kw>
<status status="PASS" endtime="20210214 12:24:18.132" starttime="20210214 12:24:13.091"></status>
</kw>
<kw name="Check Add deal to cart button" library="CompareDealsSectionPage">
<kw name="Element Should Be Visible" library="SeleniumLibrary">
<doc>Verifies that the element identified by ``locator`` is visible.</doc>
<arguments>
<arg>${AddDealToCartButton}</arg>
</arguments>
<msg timestamp="20210214 12:24:18.170" level="INFO">Element 'Xpath= (//a[contains(text(), 'Add deal to cart')])[1]' is displayed.</msg>
<status status="PASS" endtime="20210214 12:24:18.171" starttime="20210214 12:24:18.133"></status>
</kw>
<kw name="Click Element" library="SeleniumLibrary">
<doc>Click the element identified by ``locator``.</doc>
<arguments>
<arg>${AddDealToCartButton}</arg>
</arguments>
<msg timestamp="20210214 12:24:18.172" level="INFO">Clicking element 'Xpath= (//a[contains(text(), 'Add deal to cart')])[1]'.</msg>
<status status="PASS" endtime="20210214 12:24:18.249" starttime="20210214 12:24:18.171"></status>
</kw>
<status status="PASS" endtime="20210214 12:24:18.250" starttime="20210214 12:24:18.133"></status>
</kw>
<kw name="Verify Product Added to Cart message" library="CompareDealsSectionPage">
<kw name="Wait Until Page Contains Element" library="SeleniumLibrary">
<doc>Waits until the element ``locator`` appears on the current page.</doc>
<arguments>
<arg>${ProductAddedMessage}</arg>
</arguments>
<status status="PASS" endtime="20210214 12:24:18.270" starttime="20210214 12:24:18.251"></status>
</kw>
<kw name="Sleep" library="BuiltIn">
<doc>Pauses the test executed for the given time.</doc>
<arguments>
<arg>${sleepshort}</arg>
</arguments>
<msg timestamp="20210214 12:24:21.275" level="INFO">Slept 3 seconds</msg>
<status status="PASS" endtime="20210214 12:24:21.275" starttime="20210214 12:24:18.271"></status>
</kw>
<kw name="Capture Element Screenshot" library="SeleniumLibrary">
<doc>Captures a screenshot from the element identified by ``locator`` and embeds it into log file.</doc>
<arguments>
<arg>${ProductAddedMessageElement}</arg>
<arg>ProductAddedToCart.png</arg>
</arguments>
<msg timestamp="20210214 12:24:21.760" html="yes" level="INFO">&lt;/td&gt;&lt;/tr&gt;&lt;tr&gt;&lt;td colspan="3"&gt;&lt;a href="ProductAddedToCart.png"&gt;&lt;img src="ProductAddedToCart.png" width="400px"&gt;&lt;/a&gt;</msg>
<status status="PASS" endtime="20210214 12:24:21.761" starttime="20210214 12:24:21.275"></status>
</kw>
<status status="PASS" endtime="20210214 12:24:21.762" starttime="20210214 12:24:18.250"></status>
</kw>
<kw name="Verify Go to cart button" library="CompareDealsSectionPage">
<kw name="Sleep" library="BuiltIn">
<doc>Pauses the test executed for the given time.</doc>
<arguments>
<arg>${sleepshort}</arg>
</arguments>
<msg timestamp="20210214 12:24:24.769" level="INFO">Slept 3 seconds</msg>
<status status="PASS" endtime="20210214 12:24:24.769" starttime="20210214 12:24:21.763"></status>
</kw>
<kw name="Element Should Be Visible" library="SeleniumLibrary">
<doc>Verifies that the element identified by ``locator`` is visible.</doc>
<arguments>
<arg>${GoToCartButton}</arg>
</arguments>
<msg timestamp="20210214 12:24:24.827" level="INFO">Element '//a[contains(text(), 'Go to cart')]' is displayed.</msg>
<status status="PASS" endtime="20210214 12:24:24.827" starttime="20210214 12:24:24.769"></status>
</kw>
<status status="PASS" endtime="20210214 12:24:24.827" starttime="20210214 12:24:21.763"></status>
</kw>
<kw name="Verify Continue Shopping button" library="CompareDealsSectionPage">
<kw name="Element Should Be Visible" library="SeleniumLibrary">
<doc>Verifies that the element identified by ``locator`` is visible.</doc>
<arguments>
<arg>${ContinueShoppingButton}</arg>
</arguments>
<msg timestamp="20210214 12:24:24.866" level="INFO">Element '//input[@data-tid= 'offer-continue-shopping']' is displayed.</msg>
<status status="PASS" endtime="20210214 12:24:24.866" starttime="20210214 12:24:24.827"></status>
</kw>
<status status="PASS" endtime="20210214 12:24:24.866" starttime="20210214 12:24:24.827"></status>
</kw>
<kw type="teardown" name="End Web Test" library="CommonPage">
<kw name="Close All Browsers" library="SeleniumLibrary">
<doc>Closes all open browsers and resets the browser cache.</doc>
<status status="PASS" endtime="20210214 12:24:27.209" starttime="20210214 12:24:24.866"></status>
</kw>
<status status="PASS" endtime="20210214 12:24:27.210" starttime="20210214 12:24:24.866"></status>
</kw>
<doc>This test case verifies if add deal to cart button is working or not</doc>
<tags>
<tag>test1</tag>
</tags>
<status status="PASS" endtime="20210214 12:24:27.214" critical="yes" starttime="20210214 12:23:58.946"></status>
</test>
<doc>This suite describes the automation scenario for compare deals section</doc>
<status status="PASS" endtime="20210214 12:24:27.224" starttime="20210214 12:23:58.573"></status>
</suite>
<statistics>
<total>
<stat fail="0" pass="1">Critical Tests</stat>
<stat fail="0" pass="1">All Tests</stat>
</total>
<tag>
<stat fail="0" pass="1">test1</stat>
</tag>
<suite>
<stat fail="0" id="s1" name="AddDealToCart" pass="1">AddDealToCart</stat>
</suite>
</statistics>
<errors>
</errors>
</robot>
